date,rating,review
2019.04.24. 11:05,"별점(10점 만점 중)
10",아이언맨으로 시작해서 아이언맨으로 끝난다..
2019.04.24. 10:51,"별점(10점 만점 중)
10",마지막 한타에서 쌌습니다
2019.04.24. 10:51,"별점(10점 만점 중)
10",고맙다.나의 20대를 채워줘서
2019.04.24. 12:29,"별점(10점 만점 중)
10",뭐 심하게 재미있지는 않고... 한 4번정도만 봐야겠어요... 아이맥스로..
2019.04.24. 13:41,"별점(10점 만점 중)
10",토르의 뱃살은 밸런스를 위해서라는 게 학계의 정설
2019.04.24. 10:55,"별점(10점 만점 중)
10",3시간에 담은 11년 마블의 역사 인정
2019.04.24. 11:16,"별점(10점 만점 중)
10",I'm Iron Man.
2019.04.24. 12:48,"별점(10점 만점 중)
10",이 영화 제대로 즐길려면 마블 전작 다 보고 오셔야합니다.
2019.04.24. 12:14,"별점(10점 만점 중)
10",조조예매하고 못일어났다..
2019.04.24. 10:49,"별점(10점 만점 중)
10",아이언맨으로 시작해 아이언맨으로 끝나는 대장정
2019.04.24. 13:07,"별점(10점 만점 중)
10",엔드게임이라는 부제는 누가 붙혔는지는 몰라도 진짜 완벽하다
2019.04.24. 11:30,"별점(10점 만점 중)
10",다음 아이언맨은 아이언맨3에나온 꼬마애구나...
2019.04.24. 11:29,"별점(10점 만점 중)
10",쿠키없으니까 기다리지마세요
2019.04.24. 13:09,"별점(10점 만점 중)
10",완다개좋아3000만큼
2019.04.25. 01:54,"별점(10점 만점 중)
10",스톤이 없는 타노스는 약할줄 알았는데 그래도 좀 쎄긴 하더라 세명을 걍 갖고놀아버리네
2019.04.24. 12:39,"별점(10점 만점 중)
10",???? : hail... hydra...
2019.04.24. 13:10,"별점(10점 만점 중)
10",3000편만 더 만들어 주세요
2019.04.24. 11:15,"별점(10점 만점 중)
10",대작은 대작이네요...시원섭섭하고 아쉽습니다ㅎㅎ
2019.04.24. 10:49,"별점(10점 만점 중)
10",영화 시작하지마자 인생 최대의 급똥이 찾아왔지만 화장실을 가지 않아도 됐다. 시각과 청각을 제외한 모든 감각이 멎었다고 착각할 정도로 최고의 영화.
2019.04.24. 21:55,"별점(10점 만점 중)
10",그래서 로키는 어케되는데?
2019.04.24. 18:04,"별점(10점 만점 중)
10",와 상영 시간 한 시간 더 했어도 만족했을 것 같다.
2019.04.25. 01:44,"별점(10점 만점 중)
8",재밌는데 캐붕 너무 심했음 ㅠㅜ 재밌긴 재밌는데 아 햄식이 핫바디는 암묵적인 룰 아니었냐고요....
2019.04.24. 13:07,"별점(10점 만점 중)
10",진짜 소름이 돋음 역대급 전투씬인듯
2019.04.24. 11:15,"별점(10점 만점 중)
10",재밌었는데 왜 개인적으론 인피니티 워가 더 재밌는것 같이 느껴질까요? 아무튼 세대교체를 위한 영화 잘 봤습니다. 다음에 나오게 될 어벤져스가 기대되네요.
2019.04.26. 21:17,"별점(10점 만점 중)
10",10대는 해리포였고 20대는 어벤져스였다
2019.04.24. 13:11,"별점(10점 만점 중)
10",토니....그동안 고생 많았어 이제 불안해하지 말고 편안한 곳에서 맛있는거 먹고 푹 쉬어
2019.04.24. 17:26,"별점(10점 만점 중)
10",아 보고나니 뭔가 가족을 떠나보낸 기분이에요
2019.04.24. 10:51,"별점(10점 만점 중)
10",미쳤습니다.. 7시 첫 영화 보고 출근하는데기분 세상 짜릿.. 보면서 두손 꼭 모으고 입을 틀어막았어요ㅠㅠㅠㅠ 어벤져스 짜릿해...
2019.04.24. 18:05,"별점(10점 만점 중)
10",콜라 대량 흡입금지 화장실 갈 시간이 없습니다
2019.04.24. 21:46,"별점(10점 만점 중)
10",아이언맨의 심장이 따뜻했다는 증거..
2019.04.26. 17:23,"별점(10점 만점 중)
10",대강 예상은했지만 포탈열릴 때 지렸다
2019.04.24. 10:35,"별점(10점 만점 중)
10",온몸에 소름만 한 10번정도 돋은듯..
2019.04.24. 11:57,"별점(10점 만점 중)
10",진짜 10년의 시작과 끝을 너무 멋있게 보여줬다어셈블
2019.04.24. 19:55,"별점(10점 만점 중)
10",아이언맨4 잘보고 왔습니다.
2019.04.24. 10:40,"별점(10점 만점 중)
10",아이언맨 사가라 해도 과언이 아니다..
2021.09.07. 11:09,"별점(10점 만점 중)
9",마블 팬들을 위한 최고의 선물
2019.04.24. 13:22,"별점(10점 만점 중)
8",쿠키영상 없으니까 친필싸인 다보면 집가도됨
2019.04.25. 07:30,"별점(10점 만점 중)
10","누군가와 같은 시간 속에 같은 기억을 공유하며 함께 살아간다는 것은 멋진 일이라고 생각합니다. 함께 해서 즐거웠고, 함께해서 영광이었습니다. 고맙습니다. 어벤저스."
2021.02.19. 20:05,"별점(10점 만점 중)
10",개봉했을때 보고 이해안되는 장면이 많아서 마블시리즈 처음부터 시간순으로 다 보고 다시 보니...완전 감동..명작..
2021.11.05. 21:35,"별점(10점 만점 중)
10",그냥 안보면 후회함 ㄹㅇ
2019.04.24. 13:09,"별점(10점 만점 중)
10",11년간의 보상당일 아침에 본 사람들이 승리자다
2020.06.18. 17:20,"별점(10점 만점 중)
10",이 이상의 걸작이 뭐가 있을까 싶을 정도로 모든 것이 완벽한 영화.
2019.04.25. 01:23,"별점(10점 만점 중)
10",토르 너무 좋아 아스가디언 나왔으면
2022.01.09. 13:59,"별점(10점 만점 중)
10",할리우드가 보여줄 수 있는 기술의 정점 팝콘무비의 정수 그동안 마블을 사랑했던 모든 이에 대한 헌정시
2019.04.24. 10:49,"별점(10점 만점 중)
10",진짜 재밌었어요 요즘 만족스럽게본 영화가 없었는데 어벤져스는 좋아하는만큼 기대한 그 이상으로 재미있어가지고 행복했어요ㅎㅎ!!
2019.04.24. 13:09,"별점(10점 만점 중)
10",뭔가 허무해..근데 재밌어 ㅠ
2020.08.29. 16:55,"별점(10점 만점 중)
10",와칸다포에버 채드윅보스만포에버
2019.04.24. 21:15,"별점(10점 만점 중)
10",마블이 현시점 최고의 제작사인듯
2021.01.21. 01:20,"별점(10점 만점 중)
10",히어로 영화 싫어해서 안보려다가 어쩔수없이 친구에게 반강제로 끌려가서 눈물쏟은 영화
2021.05.12. 20:42,"별점(10점 만점 중)
10",말이 필요없는 최고입니다
2022.01.01. 18:54,"별점(10점 만점 중)
10",어벤져스는 모든게 완벽하다
2019.04.26. 06:16,"별점(10점 만점 중)
10",닥터 스트레인지 양반 ! 꼴랑 찾아낸 승리하는 미래가 이거였수? 더 찾지 그랬수 .어이 캡틴 . 가정 지키고 싶다는 친구 등 떠밀고 본인은 행복한 미래?
2022.12.14. 04:53,"별점(10점 만점 중)
10",하.... 너무 만족해서 3번 극장가서 본 영화였습니다.
2020.05.26. 22:47,"별점(10점 만점 중)
10",말이필요합니까
2019.04.25. 19:53,"별점(10점 만점 중)
10",명작이야 닥터스트레인지가 애들 다시 돌려보낼때 진짜 울뻔
2019.04.24. 12:13,"별점(10점 만점 중)
10",마블영화보면서 울컥한건 처음입니다..꼭 보세요 너무 재밌습니다!
2022.03.17. 09:39,"별점(10점 만점 중)
10",이시대 최고의 블록버스터.. 만들어주셔서 감사합니다
2020.05.09. 10:18,"별점(10점 만점 중)
10",마블 3000만큼 사랑해
2020.12.20. 20:47,"별점(10점 만점 중)
10",울었다 ㅠ진짜 눈물날만큼 재밌었다
2023.06.04. 04:08,"별점(10점 만점 중)
10",내 20대의 시작과 30대의 시작을 함께한 마블.. 어벤져스.. 그리고 아이언맨...
2021.01.02. 20:15,"별점(10점 만점 중)
10",고마워요..사랑합니다 마블
2020.05.22. 12:39,"별점(10점 만점 중)
9",스포일러가 포함된 감상평입니다. 감상평보기
2020.06.13. 00:38,"별점(10점 만점 중)
10",어벤져스다운 영화였다
2019.04.24. 13:01,"별점(10점 만점 중)
10",이시대에 태어나서 다행이다...
2019.04.25. 06:17,"별점(10점 만점 중)
10",가장 임펙트있는 장면 나는 아이언맨이다
2019.04.24. 11:16,"별점(10점 만점 중)
10",스포를 즈제하겠습니다. 너무 재밋다 정도는 아니지만 좋은 마무리가 아닌가 싶습니다
2020.05.10. 13:43,"별점(10점 만점 중)
10",어벤져스 어셈블!!
2021.09.01. 11:35,"별점(10점 만점 중)
10",재밌네요 어벤져스 엔드게임
2020.06.28. 18:31,"별점(10점 만점 중)
10",역시 재미있었어요 ㅎㅎㅎㅎ
2019.04.24. 23:53,"별점(10점 만점 중)
10",정말 재밌는 영화인데 먹먹합니다.. 앞으로 볼 수 없다는 것 때문에요....
2019.04.24. 19:55,"별점(10점 만점 중)
10",어벤저스가 마지막이라니 ㅠㅠ여운남네요..
2019.04.24. 14:27,"별점(10점 만점 중)
10",스포는 자제... 많이 울었네요ㅠㅠ
2019.04.24. 13:28,"별점(10점 만점 중)
10",쿠키영상없는데 사람들 안나가고 기대중 ㄷ ㄷ
2019.04.24. 11:15,"별점(10점 만점 중)
9",재밌긴한데 인피니티워가 더재밌었음
2020.05.07. 17:54,"별점(10점 만점 중)
10",3번보고 재개봉으로 또봐도 눈물 펑펑이에요
2019.04.27. 12:14,"별점(10점 만점 중)
10",마블을 보면서 울게 될 줄이야.. 너무 멋있었습니다
2020.10.04. 11:44,"별점(10점 만점 중)
10",영화 재밌게 잘 봤습니다.감사합니다.
2020.09.13. 21:27,"별점(10점 만점 중)
8",명불허전 입니다 꼭보세요
2020.05.01. 19:07,"별점(10점 만점 중)
9",잘가요 어벤져스 그동안 고생했어요
2019.04.26. 05:25,"별점(10점 만점 중)
10",완벽한 결말 이런 영화는 다시 나올 수 없을 만큼 완벽하다
2022.04.13. 22:25,"별점(10점 만점 중)
10",전율! 카타르시스! 오르가즘!
2019.06.19. 10:31,"별점(10점 만점 중)
10",어벤져스들 전부 소집됫을때 계속소름;;;;
2019.04.28. 22:17,"별점(10점 만점 중)
10",눈물난다 보내시싫다...
2020.03.12. 15:00,"별점(10점 만점 중)
10",인피니티워가 시원한 다크판타지류 액션영화엿다면 엔드게임은 10년의 시간을 정리하는 휴먼드라마네 sf를 보고 이만큼 감동을 할수 잇을런지 시리즈물중에 어벤져스를 능가하는 작품은 나오...
2020.05.01. 19:07,8,잘가요 어벤져스 그동안 고생했어요
2019.04.27. 23:22,"별점(10점 만점 중)
10",나의 토르를 돌려주세요
2019.04.26. 01:54,"별점(10점 만점 중)
8",토를를 왜..? 재미있긴했는데
2020.05.14. 13:22,"별점(10점 만점 중)
10",기대함대로.
2024.04.28. 17:04,"별점(10점 만점 중)
10",타임머신타고 5년 전으로 돌아가고 싶네요 처음 엔드게임 보던 그때로... 그립습니다 마블
2019.04.25. 19:42,"별점(10점 만점 중)
10",진짜 꼭봐야합니다 평점 3000만큼 주고싶네
2019.04.24. 10:49,"별점(10점 만점 중)
10",꼭 봐야 한다. 꼭. 꼭.
2019.04.29. 12:39,"별점(10점 만점 중)
10",3시간이 1시간 같다 진짜 최고였음 근데 토르 꼭 그렇게 묘사해야만 했나ㅠ
2019.04.25. 06:11,"별점(10점 만점 중)
10",3시간동안 넋놓고 봤다...
2019.04.26. 00:30,"별점(10점 만점 중)
10",극한직업보다 3000배 재미있음..
2020.05.11. 17:30,"별점(10점 만점 중)
10",재미있다아
2019.04.24. 12:27,"별점(10점 만점 중)
10","3000만큼 재밌었고 감동, 유머까지 ㅠㅜ3시간이아니라 좀 더 길었으면 하는 마음이 생깁니다♥♥"
2022.07.23. 17:11,"별점(10점 만점 중)
10",
2020.05.01. 15:55,"별점(10점 만점 중)
10",역시 마블 대박입니다 후반부 액션 대박이에영 소름돋음 웃음포인트도 있고 재밌어요
2020.05.01. 20:13,"별점(10점 만점 중)
10",으벤져스! 어셈블.이한마디로 끝
2019.04.26. 02:07,"별점(10점 만점 중)
10",웃고 울고 .. 넘모재밌는것
2019.04.24. 17:55,"별점(10점 만점 중)
10",마실것사서 영화관 입장하지마세요 방광터집니다
2019.04.24. 21:50,"별점(10점 만점 중)
10",진짜인생영화다 온몸에 전율이 몇번 왔는지 모른다.
2019.04.24. 21:50,"별점(10점 만점 중)
10",마블 시리즈 중 가장 인상깊게 본 것 같아요
2019.06.19. 12:35,"별점(10점 만점 중)
10",어벤져스 너무 그리울거 같아요ㅠㅜ
2019.04.24. 21:50,"별점(10점 만점 중)
10",너무 감동적이고 웃기고 아쉬운마음으로 아주 재밌게 봤습니당~~!!
2019.06.04. 01:33,"별점(10점 만점 중)
10",토니스타크 살려내서 10년 더 나왔으면...
2019.06.21. 14:12,"별점(10점 만점 중)
10",3시간 짜리 러닝타임을 가진 긴영화 였는데 생각나는건 아엠 아이언맨 밖에없다...
2019.12.04. 05:54,"별점(10점 만점 중)
10",3000이상 사랑해 너무 재밌은 영화
2019.04.24. 12:16,"별점(10점 만점 중)
10",완전 러블리했다...ㅜ
2019.06.19. 12:29,"별점(10점 만점 중)
10",인생에 손꼽히는 영화입니다
2019.04.30. 21:17,"별점(10점 만점 중)
10",3시간이 짧았던 영화!!마지막이라 너무 아쉽ㅠㅠ
2019.04.24. 10:30,"별점(10점 만점 중)
10",즐거웠고 행복했다. 어벤져스 영원하라.
2020.05.07. 17:01,"별점(10점 만점 중)
9",이전 시리즈들을 안본 상태로 봤지만 재미있었음
2019.04.24. 19:33,"별점(10점 만점 중)
10",존잼이에요 스포하고 싶어 미치겟네요 ㅠㅠ 또 보러 갈거예요
2019.04.24. 13:08,"별점(10점 만점 중)
10",여운이많이남네요. 좋은영화입니다
2020.04.07. 20:03,"별점(10점 만점 중)
10",내 안의 마블 유니버스는 이 시점을 기해 완결을 맺었다. 이후의 마블은 더이상 내게 흥미가 일지 않을 것 같다.
2019.04.24. 22:27,"별점(10점 만점 중)
10",3000만큼 사랑해..
2020.05.06. 20:27,"별점(10점 만점 중)
8",다시 봐도 좋았어요 다시 영화관에서 볼 수 있음에 감사
2019.11.10. 14:37,"별점(10점 만점 중)
10",Avengers Assemble!
2019.08.19. 15:15,"별점(10점 만점 중)
10","엔드게임, 오래 기억될 명작"
2019.06.19. 12:05,"별점(10점 만점 중)
10",마블팬이라면 꼭 봐야할 영화
2019.12.19. 17:23,"별점(10점 만점 중)
8",팬들과 함께 추억의 앨범을 하나하나 넘긴 끝에 전하는 우정 가득한 송사.
2019.09.14. 22:27,"별점(10점 만점 중)
10",최고더이상 무슨말이 필요할까요
2019.08.12. 21:24,"별점(10점 만점 중)
10",인생영화 2번봐도 안아깝습니다
2019.07.07. 03:07,"별점(10점 만점 중)
10","11년 간 즐거웠어요, 토니."
2019.05.19. 21:19,"별점(10점 만점 중)
10","흠 잡을 데 없는 완벽한 영화는 아니었지만, 흠 잡고 싶지 않을 만큼 감동적인 영화였습니다."
2019.05.15. 07:39,"별점(10점 만점 중)
10",너무 제미가 있었고 마지막 장면은 마음이 짠
2019.11.19. 01:06,"별점(10점 만점 중)
10",히어로들의 재결합 과정들이 너무 인상깊었다.
2019.06.19. 10:54,"별점(10점 만점 중)
10",재밌었어요재밌는데재밌엇어요
2019.06.13. 14:27,"별점(10점 만점 중)
9",해피앤딩인지 새드앤딩인지...
2019.06.02. 05:19,"별점(10점 만점 중)
10",나의 어벤져스 나의 아이언맨 잘가요 그동안 정말 고마웠어요ㅜㅜ
2019.05.31. 14:14,"별점(10점 만점 중)
10",최고의 결말 마블을 인정하게 만들었다
2019.05.25. 03:26,"별점(10점 만점 중)
10",무슨말이필요할까요..
2019.05.19. 11:08,"별점(10점 만점 중)
10",감동입니다...눈물이 줄줄났어요 ㅠㅠㅠㅠ
2019.06.19. 03:09,"별점(10점 만점 중)
10",마블 3000만큼 사랑합니다
2019.06.04. 19:01,"별점(10점 만점 중)
10",또 보고 싶을 정도로 대작임
2019.06.04. 02:11,"별점(10점 만점 중)
10",마블과 동시대를 살아가서 너무행복합니다
2019.06.03. 09:19,"별점(10점 만점 중)
10",3시간이 지루하지 않는 영화였습니다 진짜 잘만들었네요!
2019.06.02. 08:45,"별점(10점 만점 중)
10",감동적이였어요~ 다시한번더보고싶네요
2019.06.02. 08:33,"별점(10점 만점 중)
10",최고영화입니다 강추 3000맘큼 사랑해
2019.05.23. 23:31,"별점(10점 만점 중)
10",마블 3000만큼 사랑합니다
2019.05.22. 18:48,"별점(10점 만점 중)
10",마지막 전투 너무 감동적이고 멋있어서 또 보러간다
2019.05.02. 22:05,"별점(10점 만점 중)
10",I'm Ironman.
2019.10.11. 20:26,"별점(10점 만점 중)
10",좋아하는 오빠가 마블을 좋아해서요. 그래서 오빠랑 이 영화를 같이 공감하며 보고 싶어서 21편 마블 영화를 다 보고 영화관에 갔어요. 좋아했던 오빠는 이제 내 곁에 없지만 마블은 ...
2019.05.19. 12:36,"별점(10점 만점 중)
10",재미도 있고 감동도 있고 많이 슬퍼요 ㅠㅠ
2019.04.24. 15:02,"별점(10점 만점 중)
10",3시간이 1시간같다 근데 너무 기대해서 아쉽더라
2020.02.10. 16:43,"별점(10점 만점 중)
10",와.. 말이 필요없다 이런 영화가 두번 다시 나올까싶다
2019.06.10. 14:10,"별점(10점 만점 중)
10",역시 마블이라는 말밖에 나는 아이언맨도 좋지만 캡아가 왤케 좋은지 ㅋㅋ
2019.11.27. 18:22,"별점(10점 만점 중)
10",대에~~~~박너무재미있었습니다
2019.04.24. 10:51,"별점(10점 만점 중)
10",너무재밌네요^^ 꼭보세요들
2019.07.27. 13:47,"별점(10점 만점 중)
9",어벤져스 마지막 시리즈...아쉽1기 어벤져스 영웅들 정말 사랑합니다.
2019.07.22. 14:39,"별점(10점 만점 중)
10",사랑해 ㅠㅠ 마블.. 3000만큼 진짜류 !!!!
2019.07.01. 15:47,"별점(10점 만점 중)
10",이야기의 끝이자 시작 정말 좋았습니다
2019.06.30. 09:39,"별점(10점 만점 중)
10",3000만큼 사랑합니다 최고
2019.06.28. 14:00,"별점(10점 만점 중)
10",어벤져스 어셈블!!!
2019.06.21. 12:14,"별점(10점 만점 중)
10",러닝타임이 3시간인데 벌써 끝이라느 느낌 아쉬울따름
2019.06.02. 08:25,"별점(10점 만점 중)
10",가오겔3에토르 나올듯
2019.05.23. 00:54,"별점(10점 만점 중)
10",아스가르디언즈오브 갤럭시 기대합니다.
2019.11.25. 17:28,"별점(10점 만점 중)
10",이 영화는 찐 사랑이다 3000만큼
2019.07.27. 16:49,"별점(10점 만점 중)
9",재밌었어요 역시 어벤져스
2019.06.29. 17:10,"별점(10점 만점 중)
10",무슨 말이 필요합니까 2019 최고의 영화 입니다
2019.06.27. 23:49,"별점(10점 만점 중)
10",재밌어요. 다음 시리즈가 궁금합니다
2019.06.19. 09:33,"별점(10점 만점 중)
9",마블 다 봐야되여 ㅠㅠ 다시다시...
2019.06.04. 01:59,"별점(10점 만점 중)
10",재밌어요 마지막이라 아쉬웠어요
2019.06.04. 00:58,"별점(10점 만점 중)
10",겁나 재미있음. 역시 명불허전.
2019.06.04. 00:05,"별점(10점 만점 중)
9",뭔가 대단원이 끝나는 느낌에 섭섭해용
2019.06.03. 11:06,"별점(10점 만점 중)
10",요근래 보기드분 이시대 최고의 SF 명작이라 봅니다.
2019.06.03. 09:24,"별점(10점 만점 중)
10",잊지 않을거예요 정말 너무 시간 가는줄 모르고 봤네요
2019.05.15. 15:24,"별점(10점 만점 중)
10",20편이 넘는 mcu의 잘 찍은 마침표 같다.
2019.05.15. 14:47,"별점(10점 만점 중)
10",역쉬 ! 마블은 영화관에서 봐야 합니당~
2019.05.15. 12:54,"별점(10점 만점 중)
10",어벤져스 어셈블. 정말 3000만큼 사랑한다.
2019.05.04. 21:33,"별점(10점 만점 중)
10",어벤져스 끝이라는게 너무 슬프다
2019.06.23. 12:15,"별점(10점 만점 중)
10",어벤져스는 끝났고 페미니즘은 이제 시작.
2019.06.03. 18:45,"별점(10점 만점 중)
10",영화를 넘어선 예술.지금이라도 3번은 더 볼 수 있을 것 같은 영화임.
2019.04.24. 15:46,"별점(10점 만점 중)
8",마지막이라 아쉬웟지만 충분히 재미있었습니다!!
2019.09.04. 13:54,"별점(10점 만점 중)
10",로다주를 마블에서 못본다는게 믿어지지가 않는다.
2019.07.22. 12:54,"별점(10점 만점 중)
8",얼른 다음편들이 계속 나왔으면 좋겠네요
2019.07.21. 12:49,"별점(10점 만점 중)
10",저희집 수염난 아이가 좋아합니다
2019.06.03. 23:10,"별점(10점 만점 중)
10",영화임을 알면서도 그냥 눈물이 줄줄 흐를줄이야..
2019.05.22. 18:47,"별점(10점 만점 중)
10",평식이형이 7점줬다 그냥보자닥치고 보면됨
2019.05.22. 18:22,"별점(10점 만점 중)
10",한 번더 볼 예정입니다.
2019.05.22. 09:34,"별점(10점 만점 중)
10",굳. 한 번 더 보러 가야 되는데 언제가지...
2019.05.15. 14:57,"별점(10점 만점 중)
10",재밌었다.마지막에 눈물이 났다.다시 볼수 없어서...
2019.05.15. 14:51,"별점(10점 만점 중)
10",어벤져스를 울면서 보게 되다니
2019.05.09. 18:06,"별점(10점 만점 중)
10",2회차관람 부모님하고 갔다옴3회차까지 가고싶을정도였지만 아맥자리가 안남보면볼수록 신기한게 2번보면 눈물이 안날줄 알았음근데 눈시울이 붉어지면서 눈물나는건 어떻게 똑같냐..내용을 알...
2019.05.08. 12:07,"별점(10점 만점 중)
10",3시간을 앉아서 보는데 10살 아들이 전혀 지겨워 하지 않네요
2019.05.06. 11:42,"별점(10점 만점 중)
10",3000만큼 재밌네요
2019.05.03. 21:47,"별점(10점 만점 중)
10","엔드게임 보면서 옆사람, 뒷사람들 다 울었음ㅋㅋㅋ 진짜 강추"
2019.07.09. 16:00,"별점(10점 만점 중)
8",한국인은 다 아이언맨을 엄청 조아하네
2019.05.11. 23:59,"별점(10점 만점 중)
10",이전 시리즈 안봤는데도 꿀잼
2019.04.24. 12:35,"별점(10점 만점 중)
10",오후7시부터 안자고 새벽 알바 갔다가 끝나고 바로 봤는데 한번도 안졸고 끝까지 자리에서 안일어났습니다
2019.04.24. 11:55,"별점(10점 만점 중)
9",재밌게 봤습니다옆에 덕후분께서 혼잣말을 중얼거려서 짜증났지만 영화는 재밌네요
2019.06.24. 00:35,"별점(10점 만점 중)
10",후기 적는게 있는지 몰라서 본지 두달이 지나서 적네요ㅎㅎ 헤어진 그녀와 마지막으로 관람했던 영화 ㅎㅎ 제목처럼 그날이 엔드게임이었어요
2019.06.19. 16:50,"별점(10점 만점 중)
10",Speechless!
2019.05.15. 14:08,"별점(10점 만점 중)
8",시빌워부터 보기시작해서 이해가 어려웠어요ㅠ 정주행 하고 갈껄..!!!
2019.07.22. 13:48,"별점(10점 만점 중)
9",다늦어서 봣지만.. 좋다..
2019.05.06. 07:04,"별점(10점 만점 중)
10",10년간의 질주에 납득이 가는 마지막
2019.11.23. 13:04,"별점(10점 만점 중)
10",큰딸이랑 아주 재미있게 잘봤어요~ 큰딸이 엄청 재미있섰다고 하네요~ ^^
2019.04.24. 10:44,"별점(10점 만점 중)
10",무슨말이 더필요하냐 킹갓마블짱짱 아옘아연맨 캬
2019.10.10. 22:36,"별점(10점 만점 중)
10",나의 첫 마블이자 마지막 마블 영화.
2019.06.29. 12:03,"별점(10점 만점 중)
10",간만에 재밌게 보건같아요
2019.06.27. 22:27,"별점(10점 만점 중)
10",한명한명의 연기가 뛰어났다
2019.06.19. 09:54,"별점(10점 만점 중)
10",재밌네요. 볼만합니다.
2019.06.17. 17:00,"별점(10점 만점 중)
10",엉엉ㅇ엉ㄹ엉ㅇ엉ㅇ엉ㅇ엉ㅇ엉ㅇㅇ
2019.06.03. 06:55,"별점(10점 만점 중)
9",이건 봐야해ㅐㅐ진짜루
2019.06.02. 08:09,"별점(10점 만점 중)
10",역시 애션씬은 대단함!
2019.05.15. 15:08,"별점(10점 만점 중)
10",감사합니다 너무즐겁게봤어요
2019.05.15. 15:06,"별점(10점 만점 중)
9",다시보자 너무나도 재밋구만!
2019.05.15. 15:06,"별점(10점 만점 중)
10",재밌지요 당연하지요!
2019.05.15. 14:36,"별점(10점 만점 중)
10",크~ 다음 영화가 기다려 져요!!!
2019.05.15. 14:13,"별점(10점 만점 중)
10",재밌습니다!!굳굳 완전 강추
2019.05.09. 20:14,"별점(10점 만점 중)
10",감사합니다 행복했습니다
2020.04.12. 14:32,"별점(10점 만점 중)
10",엄청 재미 있어요.
2019.05.08. 18:22,"별점(10점 만점 중)
7",치즈버거에서 오열했습니다
2019.05.07. 22:51,"별점(10점 만점 중)
8",3000만큼 기대햇고 3000만큼 잼낫는데 토르가 좀더 멋잇엇음 하는 바램...
2020.02.27. 18:45,"별점(10점 만점 중)
10",재미있어요! 영화 시간이 엄청 긴데 순식간에 끝나서 아쉬워요ㅠㅠ
2019.10.09. 21:29,"별점(10점 만점 중)
10",스포일러가 포함된 감상평입니다. 감상평보기
2019.04.24. 13:00,"별점(10점 만점 중)
8",뭔가 다르다. 전에 영화들은 보고나면 쩐다 이런 느낌이었는데. 이번엔 뭔가 찝찝하네.
2019.09.18. 17:19,"별점(10점 만점 중)
10",아이언맨 그리워요..
2019.09.12. 13:09,"별점(10점 만점 중)
10",안끝났으면 좋겠다ㅠㅠㅠㅠ
2019.09.10. 20:00,"별점(10점 만점 중)
10",진짜 엔드게임을 보려고 마블 영화를 모두 다 본 게 아닌가 생각이 드는 정도!!
2019.08.13. 13:51,"별점(10점 만점 중)
8",역시 실망시키지않는 어벤져스 시리즈네요
2019.07.31. 09:16,"별점(10점 만점 중)
10",역시 마블 정말 대박 이야
2019.07.22. 11:15,"별점(10점 만점 중)
9",명불허전 어벤져스... 근데 중간에 잠 ㅠ
2019.07.21. 17:18,"별점(10점 만점 중)
10",그냥 사랑이야 이건 근데 이제 어벤져스 안하나...
2019.07.09. 23:48,"별점(10점 만점 중)
10",타노스 불쌍해...난 타노스편이다
2019.07.07. 04:25,"별점(10점 만점 중)
10",3시간이 전혀 지루하지않았음 마지막은 아직도 여운이..
2019.07.06. 23:09,"별점(10점 만점 중)
10",마지막이라고 생각하니 너무 슬펐어요너무 재미있었어요
2019.07.01. 23:22,"별점(10점 만점 중)
10",대미를 장식하는 완벽한 마무리
2019.07.01. 23:06,"별점(10점 만점 중)
9",마블시리즈 엔드게임 이후에도 엔드가 아니기를
2019.07.01. 18:36,"별점(10점 만점 중)
10",긴 시간이 이렇게 짧게 느껴지기는 처음
2019.07.01. 17:09,"별점(10점 만점 중)
10",마지막 아이언맨 울면서 봤어요..ㅠ
2019.06.29. 15:35,"별점(10점 만점 중)
10",3시간이 지루하지않네요
2019.06.27. 20:56,"별점(10점 만점 중)
10",정말 캡틴아메리카는 진리입니다. 감동이 물밀듯 오네요.
2019.06.25. 23:42,"별점(10점 만점 중)
10",마지막인게 체감이 안된다 ㅜㅜㅠ...
2019.06.25. 23:18,"별점(10점 만점 중)
9",재미있게 보았습니다 다음 마블 작품이 기대가 되네요
2019.10.09. 11:46,"별점(10점 만점 중)
10",이보다 완벽한 마무리가 있을까 싶다 ㅋㅋ
2019.07.07. 08:54,"별점(10점 만점 중)
10",첨 2시간은 별루 나머지 한시간은 재미 있었어요
2019.07.03. 19:05,"별점(10점 만점 중)
9",살짝 지루한 감이 있음...
2019.05.08. 18:56,"별점(10점 만점 중)
8",기대를 너무 많이 했나?
2019.11.27. 04:35,"별점(10점 만점 중)
10",아뉘...포인트 삭제한다고 해서 다시 씀
2019.10.20. 17:05,"별점(10점 만점 중)
10",스포일러가 포함된 감상평입니다. 감상평보기
2019.11.02. 23:47,"별점(10점 만점 중)
10",대단원의 막ㅂㄷㅂㄷ 이전작들을 몇번씩 본 입장에서 정말 감동적이었고 여운이 남음. 근데 이전작들을 안본사람은 스토리 이해가 하나도 안될듯
2019.11.28. 11:20,"별점(10점 만점 중)
8",재미있었습니다마지막에 토니가 죽어서 슬펐지만 이대한만큼 지루하지않게 잘보았습니다
2020.03.26. 08:36,"별점(10점 만점 중)
8",이건 안볼이유도없고 최고그자체이다.
2019.04.27. 08:56,"별점(10점 만점 중)
8",타노스가 아주 약간 허무하게 죽은듯 그게 넘 아쉽네요
2019.10.13. 22:03,"별점(10점 만점 중)
10",인생영화 말그대로 엔드게임
2019.10.12. 20:51,"별점(10점 만점 중)
9",최근 본 영화중에 몰입도나 흥미도가 가장 높았던 영홛...
2019.10.06. 23:13,"별점(10점 만점 중)
8",MCU 팬들은 꼭 봐야하는 영화
2019.10.03. 23:45,"별점(10점 만점 중)
8",마블 영화를 이 영화를 통해 관심갖게 됨.
2019.10.02. 20:59,"별점(10점 만점 중)
10",시리즈를 다봐야재밌는거군요처음보니 전 뭐가 뭔지 하나도 모르겠더라구요
2019.10.02. 19:03,"별점(10점 만점 중)
10",영상미가 뛰어나고 탄탄한 스토리로 감동적이였음
2019.10.02. 19:01,"별점(10점 만점 중)
10",잼있네요 잼있네요..
2019.10.02. 15:23,"별점(10점 만점 중)
10",재밌음
2019.09.18. 17:21,"별점(10점 만점 중)
10",토니가 죽었을떄 내 심장도 같이 죽었다
2019.09.15. 00:38,"별점(10점 만점 중)
10",역시 갓벤져스...끝나지 말아요...ㅠㅠ
2019.09.14. 22:54,"별점(10점 만점 중)
8",어벤져스 시리즈 중 가장 화려한 액션이 제일 볼만 하고 스토리 자체는 전편과 비슷함
2019.09.10. 19:05,"별점(10점 만점 중)
10",전설의 대장식은 언제나 감동
2019.09.08. 22:12,"별점(10점 만점 중)
10",엔드게임 진짜 믿고보는 핵 존잼이었다
2019.08.30. 23:46,"별점(10점 만점 중)
10",재밌어요~ 꼭봐야합니당
2019.08.18. 20:04,"별점(10점 만점 중)
10","보고 또 봐도 넘 감동적ㅠㅠ아이맥스, 4d로 다시 더 보고싶다ㅠㅜㅠ 재개봉 기원"
2019.08.18. 19:49,"별점(10점 만점 중)
10",진짜 너무 재밌게봤어요ㅠㅠ. 또보고픔ㅜ
2019.08.13. 01:08,"별점(10점 만점 중)
10",굿... 잼있습니다.
2019.08.12. 23:10,"별점(10점 만점 중)
10",영화를 세번봤네요.^^스타크여 영원하라!!
2019.07.31. 19:23,"별점(10점 만점 중)
10",네번 봤는데 볼때마다 울었음.... 어벤져스!!
2019.07.31. 14:16,"별점(10점 만점 중)
8",너무 재미있어서 눈물이난다
2019.07.31. 13:24,"별점(10점 만점 중)
10",3000만큼 사랑해 토니..
2019.07.31. 09:33,"별점(10점 만점 중)
10",마블의 한 페이즈를 끝내기에 완벽한 영화
2019.07.22. 16:32,"별점(10점 만점 중)
10",3000만큼 재밌습니다.
2019.07.21. 18:54,"별점(10점 만점 중)
10",아이언맨3000만큼 사랑해!
2019.07.21. 14:45,"별점(10점 만점 중)
10",어벤져스 엔드게임 재미있었습니다.
2019.07.21. 09:49,"별점(10점 만점 중)
10",아~ 역시 믿고 보는 디즈니 !!!
2019.07.07. 14:44,"별점(10점 만점 중)
10",재밋엉 Avengers Assemble!
2019.07.07. 14:21,"별점(10점 만점 중)
10",믿고보는 마블. 슬프지만..
2019.07.07. 09:08,"별점(10점 만점 중)
10",그야말로 끝장나는 영화
2019.07.07. 08:21,"별점(10점 만점 중)
10",어벤져스의 끝판왕..포에버어벤져스
2019.07.07. 03:44,"별점(10점 만점 중)
10",이렇게 슬픈영화라니 ㅠㅠ
2019.07.06. 23:18,"별점(10점 만점 중)
10","영화 보면서 엄청 울었어요 ㅠㅠㅠㅠ마블 최고의 걸작 ,,,"
2019.07.06. 22:54,"별점(10점 만점 중)
10",재개봉하면 다시봐야지
2019.07.02. 10:36,"별점(10점 만점 중)
10",20대 중반부터 함께 해온 오래된 친구를 보낸 것같았습니다...
2019.07.02. 08:17,"별점(10점 만점 중)
9","영화는 정말 좋았지만, 스포를 앞에서 당해서 9점입니다 영화 자체는 11년 동안의 마블을 정리하는 느낌이었고, 좋았습니다"
2019.07.02. 06:14,"별점(10점 만점 중)
10",ㅠㅠ 너무 슬프고 잼있엇어요
2019.07.01. 23:39,"별점(10점 만점 중)
10",인피니티 워보다 감동포인트가 많아서 휴지 한움큼 들고 봤는데 몽땅 축축해졌다는거... 그래도 앞으로 나올 신예들도 기대도 되고! 햄식이는 재계약했다고 하니까 토르는 볼 수 있겠지ㅠ...
2019.07.01. 22:58,"별점(10점 만점 중)
9",정말 이지 너무대박이었습니다.
2019.07.01. 22:22,"별점(10점 만점 중)
10",LOVE YOU 3000
2019.07.01. 22:20,"별점(10점 만점 중)
10",역시~~마블이네요 재밌어요
2019.07.01. 21:35,"별점(10점 만점 중)
10",존잼 극장에서 또 볼수 없는게 까비
2019.07.01. 21:01,"별점(10점 만점 중)
10",좋았음...구성도 탄탄하고
2019.07.01. 20:22,"별점(10점 만점 중)
10",너무 재밌어요ㅠㅠㅠㅠ
2019.07.01. 20:08,"별점(10점 만점 중)
10",안녕 나의 20대. 안녕 나의 영우들.
2019.07.01. 19:13,"별점(10점 만점 중)
10","재밌었어요 역시 마블,, 아이언맨 죽어서 너무 슬펐네요"
2019.07.01. 18:32,"별점(10점 만점 중)
10",기대만큼 멋있었어요~♥
2019.07.01. 16:35,"별점(10점 만점 중)
10",10 5졌다 그냥....
2019.07.01. 15:18,"별점(10점 만점 중)
10",마블은 역시 언제나 진리!
2019.06.30. 13:39,"별점(10점 만점 중)
10",액션영화계의 최고봉.
2019.06.30. 09:23,"별점(10점 만점 중)
9",재미있게 보았어요~^^
2019.06.30. 07:37,"별점(10점 만점 중)
10",기대한 만큼 재밌게 봤습니다 최고
2019.06.29. 18:50,"별점(10점 만점 중)
9",토니 3000만큼 사랑해여
2019.06.29. 18:05,"별점(10점 만점 중)
10",너무재밌고 또 너무재밌엇다
2019.06.29. 15:57,"별점(10점 만점 중)
10",어벤져스 엔드게임 굿 굿
